gov_en,gov_ar,dis_en,dis_ar,subdistrict_en,subdistrict_ar,male.urban,female.urban ,total.urban,male.rural,female_rural,total.rural,male.pop,female.pop,total.pop
Ninewa,نينوى,Mosul,الموصل,Markaz Mosul,مركز قضاء الموصل," 617,812 "," 687,978 "," 1,305,790 "," 31,844 "," 38,818 "," 70,662 "," 649,657 "," 726,796 "," 1,376,452 "
Ninewa,نينوى,Mosul,الموصل,Baashiqa,بعشيقة," 15,254 "," 16,986 "," 32,240 "," 46,804 "," 57,054 "," 103,858 "," 62,058 "," 74,040 "," 136,098 "
Ninewa,نينوى,Mosul,الموصل,Al Shurah,الشورة," 4,089 "," 4,554 "," 8,643 "," 23,427 "," 28,558 "," 51,985 "," 27,517 "," 33,112 "," 60,629 "
Ninewa,نينوى,Mosul,الموصل,Hamam al Aleem,حمام العليل," 10,793 "," 12,018 "," 22,811 "," 24,008 "," 29,266 "," 53,274 "," 34,801 "," 41,284 "," 76,084 "
Ninewa,نينوى,Mosul,الموصل,Al Qayara,القيارة," 8,827 "," 9,830 "," 18,657 "," 48,187 "," 58,740 "," 106,928 "," 57,015 "," 68,570 "," 125,584 "
Ninewa,نينوى,Mosul,الموصل,Al Mahalabiah,المحلبية," 4,383 "," 4,881 "," 9,265 "," 12,058 "," 14,698 "," 26,756 "," 16,441 "," 19,579 "," 36,020 "
Ninewa,نينوى,Hamdaniya,الحمدانية,Markaz Hamdaniya,مركز قضاء الحمدانية," 20,916 "," 23,292 "," 44,208 "," 15,900 "," 19,382 "," 35,283 "," 36,817 "," 42,674 "," 79,491 "
Ninewa,نينوى,Hamdaniya,الحمدانية,Namroud,نمرود," 1,748 "," 1,947 "," 3,695 "," 22,797 "," 27,790 "," 50,587 "," 24,545 "," 29,736 "," 54,282 "
Ninewa,نينوى,Hamdaniya,الحمدانية,Bartalla,برطلة," 9,762 "," 10,871 "," 20,633 "," 19,191 "," 23,394 "," 42,585 "," 28,953 "," 34,265 "," 63,218 "
Ninewa,نينوى,Tilkaif,تلكيف,Markaz Tilkaif,مركز قضاء تلكيف," 15,875 "," 17,678 "," 33,553 "," 22,842 "," 27,845 "," 50,687 "," 38,718 "," 45,523 "," 84,241 "
Ninewa,نينوى,Tilkaif,تلكيف,Wanna,وانة," 7,019 "," 7,816 "," 14,835 "," 15,090 "," 18,394 "," 33,484 "," 22,108 "," 26,210 "," 48,319 "
Ninewa,نينوى,Tilkaif,تلكيف,Al Qosh,القوش," 8,864 "," 9,870 "," 18,734 "," 20,429 "," 24,903 "," 45,333 "," 29,293 "," 34,774 "," 64,067 "
Ninewa,نينوى,Sinjar,سنجار,Markaz Sinjar,مركز قضاء سنجار," 18,432 "," 20,525 "," 38,957 "," 20,268 "," 24,707 "," 44,975 "," 38,700 "," 45,232 "," 83,932 "
Ninewa,نينوى,Sinjar,سنجار,Al Shamal,الشمال," 58,073 "," 64,668 "," 122,741 "," 15,295 "," 18,645 "," 33,940 "," 73,368 "," 83,313 "," 156,681 "
Ninewa,نينوى,Sinjar,سنجار,Qaeyrrawan,القيروان," 19,017 "," 21,177 "," 40,194 "," 12,397 "," 15,111 "," 27,508 "," 31,414 "," 36,288 "," 67,702 "
Ninewa,نينوى,Telafar,تلعفر,Markaz Tal Afar,مركز قضاء تلعفر," 78,236 "," 87,122 "," 165,358 "," 17,715 "," 21,594 "," 39,309 "," 95,951 "," 108,716 "," 204,667 "
Ninewa,نينوى,Telafar,تلعفر,Zummar,زمار," 7,964 "," 8,868 "," 16,832 "," 48,204 "," 58,760 "," 106,964 "," 56,168 "," 67,629 "," 123,796 "
Ninewa,نينوى,Telafar,تلعفر,Rubiya,ربيعة," 8,471 "," 9,433 "," 17,903 "," 34,015 "," 41,464 "," 75,478 "," 42,485 "," 50,896 "," 93,382 "
Ninewa,نينوى,Telafar,تلعفر,Ayadiya,العياضية," 6,012 "," 6,695 "," 12,707 "," 20,349 "," 24,805 "," 45,154 "," 26,361 "," 31,500 "," 57,860 "
Ninewa,نينوى,Shikhan,الشيخان,Markaz Sheikhan,مركز قضاء الشيخان," 8,405 "," 9,360 "," 17,766 "," 2,864 "," 3,491 "," 6,355 "," 11,270 "," 12,851 "," 24,121 "
Ninewa,نينوى,Shikhan,الشيخان,Zilakan,زيلكان, 128 , 142 , 270 ," 7,611 "," 9,278 "," 16,888 "," 7,738 "," 9,420 "," 17,158 "
Ninewa,نينوى,Hatra,الحضر,Markaz Hatra,مركز قضاء الحضر," 3,316 "," 3,693 "," 7,009 "," 6,599 "," 8,044 "," 14,642 "," 9,915 "," 11,736 "," 21,651 "
Ninewa,نينوى,Hatra,الحضر,Al Tal,التل," 5,573 "," 6,206 "," 11,780 "," 9,976 "," 12,160 "," 22,136 "," 15,549 "," 18,367 "," 33,916 "
Ninewa,نينوى,Ba'aj,البعاج,Markaz Al Ba'aj,مركز قضاء البعاج," 13,213 "," 14,714 "," 27,927 "," 19,662 "," 23,968 "," 43,631 "," 32,876 "," 38,682 "," 71,558 "
Ninewa,نينوى,Ba'aj,البعاج,Al Qahtaniya,القحطانية," 25,748 "," 28,672 "," 54,420 "," 19,300 "," 23,527 "," 42,828 "," 45,048 "," 52,199 "," 97,247 "
Ninewa,نينوى,Makhmur,مخمور,Markaz Makhmour,مركز قضاء مخمور," 8,223 "," 9,157 "," 17,380 "," 13,808 "," 16,832 "," 30,641 "," 22,031 "," 25,989 "," 48,020 "
Ninewa,نينوى,Makhmur,مخمور,Gwyer,الكوير," 4,424 "," 4,926 "," 9,350 "," 26,834 "," 32,710 "," 59,543 "," 31,257 "," 37,636 "," 68,893 "
Ninewa,نينوى,Makhmur,مخمور,Kendinawah,كنديناوة," 1,516 "," 1,688 "," 3,204 "," 6,923 "," 8,439 "," 15,362 "," 8,439 "," 10,127 "," 18,566 "
Ninewa,نينوى,Makhmur,مخمور,Qaraj,قراج," 1,599 "," 1,780 "," 3,379 "," 14,424 "," 17,583 "," 32,007 "," 16,023 "," 19,363 "," 35,385 "
Ninewa,نينوى,Makhmur,مخمور,Malagrah,ملاقرة," 1,167 "," 1,300 "," 2,467 "," 9,676 "," 11,795 "," 21,471 "," 10,843 "," 13,094 "," 23,937 "
Ninewa,نينوى,Sumel,سميل,Faidah,فايدة," 31,304 "," 34,859 "," 66,163 "," 2,356 "," 2,872 "," 5,227 "," 33,660 "," 37,731 "," 71,390 "
Kirkuk,كركوك,Kirkuk,كركوك,Markaz Kirkuk,مركز قضاء كركوك," 541,274 "," 356,426 "," 897,700 ", 685 ," 1,877 "," 2,562 "," 541,959 "," 358,304 "," 900,262 "
Kirkuk,كركوك,Kirkuk,كركوك,Yaychi,يايجي," 2,187 "," 1,440 "," 3,627 "," 6,425 "," 17,610 "," 24,035 "," 8,612 "," 19,050 "," 27,662 "
Kirkuk,كركوك,Kirkuk,كركوك,Altun Qupri,التون كوبري," 15,976 "," 10,520 "," 26,496 "," 3,620 "," 9,922 "," 13,542 "," 19,596 "," 20,442 "," 40,037 "
Kirkuk,كركوك,Kirkuk,كركوك,Al Multaqa,الملتقى (ملا عبد الله)," 1,507 ", 993 ," 2,500 "," 3,568 "," 9,781 "," 13,349 "," 5,076 "," 10,773 "," 15,849 "
Kirkuk,كركوك,Kirkuk,كركوك,Taza Khurmatu,تازة خومارتو," 10,349 "," 6,815 "," 17,163 "," 4,311 "," 11,816 "," 16,127 "," 14,660 "," 18,631 "," 33,291 "
Kirkuk,كركوك,Kirkuk,كركوك,Laylan (Qara Hasan),ليلان," 5,381 "," 3,544 "," 8,925 "," 2,586 "," 7,089 "," 9,675 "," 7,967 "," 10,632 "," 18,600 "
Kirkuk,كركوك,Kirkuk,كركوك,Schwan,شوان," 2,029 "," 1,336 "," 3,365 "," 2,140 "," 5,865 "," 8,005 "," 4,169 "," 7,201 "," 11,370 "
Kirkuk,كركوك,Kirkuk,كركوك,Qara Hanjeer,قرة هنجير (الربيع)," 4,956 "," 3,263 "," 8,219 ", 894 ," 2,450 "," 3,344 "," 5,849 "," 5,713 "," 11,563 "
Kirkuk,كركوك,Al Hawiga,الحويجة,Al Hawija,مركز قضاء الحويجة," 25,450 "," 16,759 "," 42,209 "," 20,113 "," 55,131 "," 75,244 "," 45,564 "," 71,890 "," 117,454 "
Kirkuk,كركوك,Al Hawiga,الحويجة,Al Abassy,العباسي," 5,826 "," 3,836 "," 9,662 "," 11,822 "," 32,405 "," 44,227 "," 17,648 "," 36,241 "," 53,889 "
Kirkuk,كركوك,Al Hawiga,الحويجة,Al Riyad,الرياض," 5,929 "," 3,904 "," 9,834 "," 13,375 "," 36,660 "," 50,035 "," 19,304 "," 40,565 "," 59,869 "
Kirkuk,كركوك,Al Hawiga,الحويجة,Al Zab,الزاب," 10,108 "," 6,656 "," 16,764 "," 10,579 "," 28,998 "," 39,577 "," 20,687 "," 35,654 "," 56,341 "
Kirkuk,كركوك,Daquq,داقوق,Markaz Daquq,مركز قضاء داقوق," 12,677 "," 8,348 "," 21,026 "," 11,715 "," 32,110 "," 43,825 "," 24,392 "," 40,458 "," 64,851 "
Kirkuk,كركوك,Daquq,داقوق,Rashad,الرشاد, 904 , 596 ," 1,500 "," 7,258 "," 19,895 "," 27,154 "," 8,163 "," 20,491 "," 28,654 "
Kirkuk,كركوك,Dibis,دبس,Markaz Dibis,مركز قضاء الدبس," 11,815 "," 7,780 "," 19,595 "," 7,785 "," 21,340 "," 29,125 "," 19,601 "," 29,120 "," 48,721 "
Kirkuk,كركوك,Dibis,دبس,Sargaran (Al Quds),سركران," 1,165 ", 767 ," 1,933 "," 4,948 "," 13,562 "," 18,510 "," 6,113 "," 14,329 "," 20,443 "
Diyala,ديالى,Ba'quba,بعقوبة,Markaz Ba'quba,مركز قضاء بعقوبة," 139,675 "," 121,850 "," 261,526 "," 3,626 "," 3,678 "," 7,304 "," 143,302 "," 125,528 "," 268,830 "
Diyala,ديالى,Ba'quba,بعقوبة,Kinan,كنعان," 11,251 "," 9,816 "," 21,067 "," 11,692 "," 11,859 "," 23,551 "," 22,944 "," 21,674 "," 44,618 "
Diyala,ديالى,Ba'quba,بعقوبة,Bani Sa'd,بني سعد," 13,594 "," 11,859 "," 25,453 "," 49,951 "," 50,662 "," 100,613 "," 63,545 "," 62,521 "," 126,066 "
Diyala,ديالى,Ba'quba,بعقوبة,Bahraz,بهرز (أشنونا)," 18,265 "," 15,934 "," 34,199 "," 7,716 "," 7,825 "," 15,541 "," 25,981 "," 23,760 "," 49,740 "
Diyala,ديالى,Ba'quba,بعقوبة,Al Ebarah,العبارة," 1,374 "," 1,198 "," 2,572 "," 37,298 "," 37,828 "," 75,126 "," 38,671 "," 39,027 "," 77,698 "
Diyala,ديالى,Muqdadiya,المقدادية,Markaz Al Muqdadiya,مركز قضاء  المقدادية," 39,881 "," 34,791 "," 74,672 "," 39,952 "," 40,521 "," 80,473 "," 79,833 "," 75,312 "," 155,145 "
Diyala,ديالى,Muqdadiya,المقدادية,Abi Sida,أبي صيدا," 7,243 "," 6,319 "," 13,562 "," 15,341 "," 15,560 "," 30,901 "," 22,584 "," 21,878 "," 44,462 "
Diyala,ديالى,Muqdadiya,المقدادية,Al wajeheyeh,الوجيهية," 4,759 "," 4,152 "," 8,911 "," 16,180 "," 16,410 "," 32,590 "," 20,939 "," 20,562 "," 41,501 "
Diyala,ديالى,Khalis,الخالص,Markaz Al Khalis,مركز قضاء الخالص," 31,275 "," 27,283 "," 58,558 "," 39,298 "," 39,857 "," 79,154 "," 70,572 "," 67,140 "," 137,712 "
Diyala,ديالى,Khalis,الخالص,Al Mansouriyah,المنصورية," 6,743 "," 5,883 "," 12,626 "," 22,962 "," 23,289 "," 46,252 "," 29,706 "," 29,172 "," 58,877 "
Diyala,ديالى,Khalis,الخالص,Hubhub,هبهب," 8,443 "," 7,366 "," 15,809 "," 35,663 "," 36,171 "," 71,834 "," 44,106 "," 43,536 "," 87,642 "
Diyala,ديالى,Khalis,الخالص,Al Atheem,السد العظيم," 3,508 "," 3,060 "," 6,568 "," 7,746 "," 7,856 "," 15,602 "," 11,254 "," 10,917 "," 22,171 "
Diyala,ديالى,Khalis,الخالص,Khalis/Al Salam,الخالص / السلام," 1,712 "," 1,494 "," 3,206 "," 11,205 "," 11,365 "," 22,570 "," 12,917 "," 12,858 "," 25,776 "
Diyala,ديالى,Khanaqin,خانقين,Markaz Khanaquin,مركز قضاء خانقين," 25,789 "," 22,498 "," 48,287 "," 17,150 "," 17,394 "," 34,543 "," 42,939 "," 39,891 "," 82,830 "
Diyala,ديالى,Khanaqin,خانقين,Jalula,جلولاء," 31,083 "," 27,116 "," 58,198 "," 14,958 "," 15,171 "," 30,129 "," 46,041 "," 42,287 "," 88,327 "
Diyala,ديالى,Khanaqin,خانقين,As Saadia,السعدية," 9,611 "," 8,384 "," 17,995 "," 14,974 "," 15,187 "," 30,161 "," 24,585 "," 23,571 "," 48,156 "
Diyala,ديالى,Baladrooz,بلدروز,Markaz Baladruz,مركز قضاء  بلدروز," 31,961 "," 27,882 "," 59,843 "," 17,881 "," 18,135 "," 36,016 "," 49,841 "," 46,017 "," 95,858 "
Diyala,ديالى,Baladrooz,بلدروز,Mandali,مندلي," 4,087 "," 3,565 "," 7,652 "," 11,290 "," 11,451 "," 22,741 "," 15,377 "," 15,016 "," 30,394 "
Diyala,ديالى,Baladrooz,بلدروز,Qazanya,قزانية," 3,403 "," 2,969 "," 6,372 "," 3,684 "," 3,736 "," 7,420 "," 7,087 "," 6,705 "," 13,792 "
Diyala,ديالى,Kifri,كفري,Qara Tabe,قرة تبة," 7,015 "," 6,120 "," 13,135 "," 13,039 "," 13,225 "," 26,264 "," 20,054 "," 19,344 "," 39,398 "
Diyala,ديالى,Kifri,كفري,Jabarra,جبارة," 2,413 "," 2,105 "," 4,518 "," 2,473 "," 2,508 "," 4,982 "," 4,886 "," 4,613 "," 9,499 "
Anbar,الأنبار,Ramadi,الرمادي,Markaz Al Ramadi,مركز قضاء الرمادي," 103,610 "," 104,540 "," 208,150 "," 109,244 "," 94,896 "," 204,139 "," 212,854 "," 199,436 "," 412,290 "
Anbar,الأنبار,Ramadi,الرمادي,Al Habbaniya,الحبانية," 14,967 "," 15,101 "," 30,068 "," 54,716 "," 47,530 "," 102,246 "," 69,683 "," 62,631 "," 132,314 "
Anbar,الأنبار,Ramadi,الرمادي,Al Wafa,الوفاء," 2,450 "," 2,472 "," 4,922 "," 2,643 "," 2,296 "," 4,940 "," 5,093 "," 4,768 "," 9,861 "
Anbar,الأنبار,Heet,هيت,Markaz Heet,مركز قضاء هيت," 30,898 "," 31,175 "," 62,073 "," 9,563 "," 8,307 "," 17,870 "," 40,461 "," 39,482 "," 79,943 "
Anbar,الأنبار,Heet,هيت,Al Baghdady,البغدادي," 3,260 "," 3,290 "," 6,550 "," 15,159 "," 13,168 "," 28,326 "," 18,419 "," 16,457 "," 34,876 "
Anbar,الأنبار,Heet,هيت,Kubaisa,كبيسة," 7,887 "," 7,958 "," 15,846 ", 832 , 723 ," 1,555 "," 8,719 "," 8,681 "," 17,400 "
Anbar,الأنبار,Heet,هيت,Al Forat, الفرات," 1,516 "," 1,530 "," 3,047 "," 13,915 "," 12,087 "," 26,002 "," 15,431 "," 13,617 "," 29,049 "
Anbar,الأنبار,Falluja,الفلوجة,Markaz Al Falluja,مركز قضاء الفلوجة," 116,292 "," 117,336 "," 233,628 "," 42,654 "," 37,052 "," 79,706 "," 158,946 "," 154,388 "," 313,334 "
Anbar,الأنبار,Falluja,الفلوجة,Al Amirya,العامرية," 11,146 "," 11,246 "," 22,392 "," 41,777 "," 36,290 "," 78,068 "," 52,923 "," 47,536 "," 100,460 "
Anbar,الأنبار,Falluja,الفلوجة,Al Saglawiah,الصقلاوية," 4,434 "," 4,474 "," 8,909 "," 22,657 "," 19,681 "," 42,339 "," 27,092 "," 24,156 "," 51,247 "
Anbar,الأنبار,Falluja,الفلوجة,Al Garma,الكرمة," 5,440 "," 5,489 "," 10,929 "," 63,484 "," 55,146 "," 118,629 "," 68,924 "," 60,634 "," 129,558 "
Anbar,الأنبار,Ana,عنه,Markaz Ana,مركز قضاء عنه," 9,731 "," 9,819 "," 19,550 "," 5,437 "," 4,723 "," 10,160 "," 15,169 "," 14,542 "," 29,711 "
Anbar,الأنبار,Haditha,حديثة,Markaz Haditha,مركز قضاء حديثة," 21,553 "," 21,747 "," 43,300 "," 2,692 "," 2,339 "," 5,031 "," 24,245 "," 24,085 "," 48,331 "
Anbar,الأنبار,Haditha,حديثة,Al Haqlaniya,الحقلانية," 6,546 "," 6,605 "," 13,152 "," 7,058 "," 6,131 "," 13,190 "," 13,605 "," 12,737 "," 26,341 "
Anbar,الأنبار,Haditha,حديثة,Barwana,بروانة," 7,753 "," 7,822 "," 15,575 "," 4,827 "," 4,193 "," 9,020 "," 12,579 "," 12,015 "," 24,594 "
Anbar,الأنبار,Al-Rutba,الرطبة,Markaz Al Rutba,مركز قضاء الرطبة," 13,171 "," 13,289 "," 26,460 "," 4,675 "," 4,061 "," 8,736 "," 17,846 "," 17,350 "," 35,196 "
Anbar,الأنبار,Al-Rutba,الرطبة,Al Walid,الوليد, 139 , 140 , 279 ," 2,908 "," 2,526 "," 5,434 "," 3,047 "," 2,666 "," 5,713 "
Anbar,الأنبار,Al-Rutba,الرطبة,Al Nakhaeh,النخيب, 985 , 994 ," 1,979 ", 743 , 646 ," 1,389 "," 1,728 "," 1,639 "," 3,367 "
Anbar,الأنبار,Al-Ka'im,القائم,Markaz Al-Ka'im,مركز قضاء القائم," 34,327 "," 34,636 "," 68,963 "," 18,058 "," 15,686 "," 33,744 "," 52,385 "," 50,322 "," 102,707 "
Anbar,الأنبار,Al-Ka'im,القائم,Al Abur,العبور," 5,188 "," 5,235 "," 10,423 "," 14,848 "," 12,898 "," 27,746 "," 20,036 "," 18,133 "," 38,169 "
Anbar,الأنبار,Al-Ka'im,القائم,Al Abidi,العبيدي," 1,039 "," 1,048 "," 2,087 "," 14,223 "," 12,355 "," 26,578 "," 15,262 "," 13,403 "," 28,665 "
Anbar,الأنبار,Ra'ua,راوة,Rawa,مركز قضاء راوة," 8,406 "," 8,482 "," 16,888 "," 2,993 "," 2,600 "," 5,592 "," 11,399 "," 11,082 "," 22,481 "
Baghdad,بغداد,Al Resafa,الرصافة,Markaz Al Resafa,مركز قضاء الرصافة," 57,698 "," 57,987 "," 115,685 ", - , - , - ," 57,698 "," 57,987 "," 115,685 "
Baghdad,بغداد,Al Resafa,الرصافة,Al Karrada Al Sharqia,الكرادة الشرقية," 155,769 "," 156,548 "," 312,317 ", - , - , - ," 155,769 "," 156,548 "," 312,317 "
Baghdad,بغداد,Al Resafa,الرصافة,Baghdad Al Jedeede,بغداد الجديدة," 592,507 "," 595,469 "," 1,187,976 ", - , - , - ," 592,507 "," 595,469 "," 1,187,976 "
Baghdad,بغداد,Al Resafa,الرصافة,Palestine,فلسطين," 45,558 "," 45,785 "," 91,343 ", - , - , - ," 45,558 "," 45,785 "," 91,343 "
Baghdad,بغداد,Adhamia,الاعظمية,Markaz Al Adhamiya,مركز قضاء الاعظمية," 139,841 "," 140,541 "," 280,382 ", - , - , - ," 139,841 "," 140,541 "," 280,382 "
Baghdad,بغداد,Adhamia,الاعظمية,Al Rashdia,الراشدية," 5,195 "," 5,221 "," 10,415 "," 17,329 "," 13,381 "," 30,711 "," 22,524 "," 18,602 "," 41,126 "
Baghdad,بغداد,Adhamia,الاعظمية,Al Fahama,الفحامة," 302,857 "," 304,371 "," 607,228 ", - , - , - ," 302,857 "," 304,371 "," 607,228 "
Baghdad,بغداد,Adhamia,الاعظمية,Al Zuhor,الزهور," 99,996 "," 100,495 "," 200,491 "," 2,980 "," 2,301 "," 5,281 "," 102,976 "," 102,797 "," 205,772 "
Baghdad,بغداد,Sadr 2,الصدر الثانية,Markaz Sadr 2,مركز قضاء الصدر / 2," 21,076 "," 21,181 "," 42,257 ", - , - , - ," 21,076 "," 21,181 "," 42,257 "
Baghdad,بغداد,Sadr 2,الصدر الثانية,Abnaa Al Rafedain,ابناء الرافدين," 75,149 "," 75,525 "," 150,673 ", - , - , - ," 75,149 "," 75,525 "," 150,673 "
Baghdad,بغداد,Sadr 2,الصدر الثانية,Al Monawarah,المنورة," 140,703 "," 141,407 "," 282,110 ", - , - , - ," 140,703 "," 141,407 "," 282,110 "
Baghdad,بغداد,Sadr 1,الصدر الاولى,Markaz Sadr 1,مركز قضاء الصدر / 1," 63,631 "," 63,949 "," 127,580 ", - , - , - ," 63,631 "," 63,949 "," 127,580 "
Baghdad,بغداد,Sadr 1,الصدر الاولى,Al Sadeek Al Akbar,الصديق الاكبر," 84,118 "," 84,538 "," 168,656 ", - , - , - ," 84,118 "," 84,538 "," 168,656 "
Baghdad,بغداد,Sadr 1,الصدر الاولى,Al Forat, الفرات," 185,618 "," 186,546 "," 372,164 ", - , - , - ," 185,618 "," 186,546 "," 372,164 "
Baghdad,بغداد,Al Karkh,الكرخ,Markaz Al Karkh,مركز قضاء الكرخ," 55,440 "," 55,717 "," 111,156 ", - , - , - ," 55,440 "," 55,717 "," 111,156 "
Baghdad,بغداد,Al Karkh,الكرخ,Al Karkh,المنصور," 212,590 "," 213,653 "," 426,244 ", - , - , - ," 212,590 "," 213,653 "," 426,244 "
Baghdad,بغداد,Al Karkh,الكرخ,Al Mamoon,المأمون," 481,951 "," 484,361 "," 966,312 ", - , - , - ," 481,951 "," 484,361 "," 966,312 "
Baghdad,بغداد,Kadhimia,الكاظمية,Markaz Al Kadhimiya,مركز قضاء الكاظمية," 205,809 "," 206,838 "," 412,647 ", - , - , - ," 205,809 "," 206,838 "," 412,647 "
Baghdad,بغداد,Kadhimia,الكاظمية,That al Salasil,ذات السلاسل," 127,427 "," 128,064 "," 255,491 "," 9,327 "," 7,202 "," 16,529 "," 136,754 "," 135,266 "," 272,020 "
Baghdad,بغداد,Kadhimia,الكاظمية,Al Taji,التاجي," 25,581 "," 25,709 "," 51,290 "," 62,310 "," 48,113 "," 110,423 "," 87,891 "," 73,822 "," 161,712 "
Baghdad,بغداد,Mahmoudiya,المحمودية,Markaz Mahmudiya,مركز قضاء المحمودية," 47,729 "," 47,968 "," 95,696 "," 31,614 "," 24,411 "," 56,025 "," 79,343 "," 72,379 "," 151,722 "
Baghdad,بغداد,Mahmoudiya,المحمودية,Al Yousifya,اليوسفية," 7,310 "," 7,347 "," 14,657 "," 64,514 "," 49,815 "," 114,330 "," 71,825 "," 57,162 "," 128,987 "
Baghdad,بغداد,Mahmoudiya,المحمودية,Al Latifya,اللطيفية," 9,118 "," 9,164 "," 18,282 "," 43,987 "," 33,965 "," 77,952 "," 53,106 "," 43,129 "," 96,234 "
Baghdad,بغداد,Mahmoudiya,المحمودية,Al Rasheed,الرشيد," 7,624 "," 7,662 "," 15,285 "," 35,874 "," 27,701 "," 63,575 "," 43,498 "," 35,362 "," 78,860 "
Baghdad,بغداد,Abu Ghraib,أبي غريب,Abu Ghraib,مركز قضاء ابو غريب," 50,945 "," 51,200 "," 102,145 "," 25,270 "," 19,512 "," 44,782 "," 76,215 "," 70,712 "," 146,928 "
Baghdad,بغداد,Abu Ghraib,أبي غريب,Al nasr wa Al Salam,النصر والسلام," 29,922 "," 30,072 "," 59,994 "," 55,021 "," 42,485 "," 97,506 "," 84,943 "," 72,557 "," 157,500 "
Baghdad,بغداد,Tarmia,الطارمية,Markaz Al Tarmiya,مركز قضاء الطارمية," 16,736 "," 16,820 "," 33,556 "," 32,242 "," 24,896 "," 57,138 "," 48,978 "," 41,716 "," 90,694 "
Baghdad,بغداد,Tarmia,الطارمية,Al Mshahadah,المشاهدة, -   , -   , -   ," 17,886 "," 13,811 "," 31,697 "," 17,886 "," 13,811 "," 31,697 "
Baghdad,بغداد,Tarmia,الطارمية,Al Abaigi,العبايجي, -   , -   , -   ," 8,043 "," 6,211 "," 14,254 "," 8,043 "," 6,211 "," 14,254 "
Baghdad,بغداد,Mada'in,المدائن,Markaz Al Mada'in,مركز قضاء المدائن," 13,291 "," 13,357 "," 26,648 "," 27,976 "," 21,602 "," 49,579 "," 41,267 "," 34,959 "," 76,227 "
Baghdad,بغداد,Mada'in,المدائن,Al Jisr,الجسر," 32,714 "," 32,878 "," 65,592 "," 51,140 "," 39,488 "," 90,628 "," 83,854 "," 72,366 "," 156,220 "
Baghdad,بغداد,Mada'in,المدائن,Al Wihda,الوحدة," 52,159 "," 52,420 "," 104,579 "," 54,188 "," 41,842 "," 96,030 "," 106,347 "," 94,261 "," 200,608 "
Babylon,بابل,Hilla,الحلة,Markaz Al Hilla,مركز قضاء الحلة," 199,960 "," 228,502 "," 428,462 "," 64,211 "," 55,923 "," 120,134 "," 264,171 "," 284,425 "," 548,596 "
Babylon,بابل,Hilla,الحلة,Al Kifil,الكفل," 10,023 "," 11,454 "," 21,477 "," 62,644 "," 54,558 "," 117,202 "," 72,667 "," 66,012 "," 138,679 "
Babylon,بابل,Hilla,الحلة,Abu Gharaq,أبي غرق," 11,246 "," 12,852 "," 24,098 "," 44,498 "," 38,755 "," 83,253 "," 55,745 "," 51,606 "," 107,351 "
Babylon,بابل,Mahawil,المحاويل,Markaz Al Mahawil,مركز قضاء المحاويل," 13,667 "," 15,618 "," 29,286 "," 46,066 "," 40,120 "," 86,185 "," 59,733 "," 55,738 "," 115,471 "
Babylon,بابل,Mahawil,المحاويل,Al Mashroo,المشروع," 16,971 "," 19,393 "," 36,364 "," 47,760 "," 41,596 "," 89,356 "," 64,731 "," 60,989 "," 125,720 "
Babylon,بابل,Mahawil,المحاويل,Al Emam,الامام," 5,687 "," 6,499 "," 12,187 "," 12,941 "," 11,270 "," 24,211 "," 18,628 "," 17,769 "," 36,397 "
Babylon,بابل,Mahawil,المحاويل,Al Nil,النيل," 3,057 "," 3,493 "," 6,550 "," 27,621 "," 24,056 "," 51,677 "," 30,678 "," 27,549 "," 58,227 "
Babylon,بابل,Hashimiya,الهاشمية,Markaz Al Hashimiya,مركز قضاء الهاشمية," 16,354 "," 18,688 "," 35,042 ", -   , -   , -   ," 16,354 "," 18,688 "," 35,042 "
Babylon,بابل,Hashimiya,الهاشمية,Al Qasim,القاسم," 35,758 "," 40,862 "," 76,620 "," 42,916 "," 37,377 "," 80,293 "," 78,674 "," 78,239 "," 156,913 "
Babylon,بابل,Hashimiya,الهاشمية,Al Madhatiya,المدحتية," 26,088 "," 29,812 "," 55,900 "," 41,716 "," 36,332 "," 78,048 "," 67,804 "," 66,143 "," 133,947 "
Babylon,بابل,Hashimiya,الهاشمية,Al Shomaly,الشوملي," 7,967 "," 9,104 "," 17,071 "," 36,961 "," 32,190 "," 69,151 "," 44,928 "," 41,294 "," 86,222 "
Babylon,بابل,Hashimiya,الهاشمية,Al taleah,الطليعة," 3,785 "," 4,325 "," 8,110 "," 16,238 "," 14,142 "," 30,380 "," 20,023 "," 18,467 "," 38,490 "
Babylon,بابل,Musayab,المسيب,Markaz Al Musayab,مركز قضاء المسيب," 25,156 "," 28,747 "," 53,904 ", -   , -   , -   ," 25,156 "," 28,747 "," 53,904 "
Babylon,بابل,Musayab,المسيب,Sadat Al Hindiah,سدة الهندية," 14,868 "," 16,990 "," 31,858 "," 44,324 "," 38,603 "," 82,927 "," 59,192 "," 55,593 "," 114,785 "
Babylon,بابل,Musayab,المسيب,Jurf Al Sakhar,جرف الصخر," 2,656 "," 3,036 "," 5,692 "," 21,922 "," 19,092 "," 41,014 "," 24,578 "," 22,128 "," 46,706 "
Babylon,بابل,Musayab,المسيب,Al Iskandaria,الاسكندرية," 44,148 "," 50,449 "," 94,597 "," 33,212 "," 28,925 "," 62,137 "," 77,360 "," 79,374 "," 156,734 "
Kerbala,كربلاء,Kerbala,كربلاء,Markaz Kerbela,مركز قضاء كربلاء," 244,094 "," 209,868 "," 453,962 "," 25,714 "," 26,945 "," 52,659 "," 269,808 "," 236,812 "," 506,621 "
Kerbala,كربلاء,Kerbala,كربلاء,Al Hassainya,الحسينية," 12,460 "," 10,713 "," 23,172 "," 58,842 "," 61,658 "," 120,500 "," 71,302 "," 72,370 "," 143,672 "
Kerbala,كربلاء,Kerbala,كربلاء,Al Hur,الحر," 106,613 "," 91,664 "," 198,277 "," 14,554 "," 15,251 "," 29,805 "," 121,167 "," 106,915 "," 228,082 "
Kerbala,كربلاء,Ain Al-Tamur,عين التمر,Markaz Ain Al Tamur,مركز قضاء عين التمر," 5,073 "," 4,361 "," 9,434 "," 8,465 "," 8,870 "," 17,335 "," 13,537 "," 13,231 "," 26,769 "
Kerbala,كربلاء,Hindiya,الهندية,Markaz Al Hindiya,مركز قضاء الهندية," 42,907 "," 36,891 "," 79,798 "," 15,282 "," 16,013 "," 31,296 "," 58,189 "," 52,904 "," 111,094 "
Kerbala,كربلاء,Hindiya,الهندية,Al Jadwal Al Ghrabi,الجدول الغربي," 3,996 "," 3,436 "," 7,432 "," 35,896 "," 37,613 "," 73,509 "," 39,892 "," 41,049 "," 80,941 "
Kerbala,كربلاء,Hindiya,الهندية,Al Khairat,الخيرات, 770 , 662 ," 1,432 "," 25,657 "," 26,885 "," 52,542 "," 26,427 "," 27,547 "," 53,974 "
Wassit,واسط,Kut,الكوت,Markaz Al Kut,مركز قضاء الكوت," 179,922 "," 179,051 "," 358,972 "," 32,439 "," 30,790 "," 63,229 "," 212,360 "," 209,841 "," 422,201 "
Wassit,واسط,Kut,الكوت,Wasit,واسط," 8,339 "," 8,298 "," 16,637 "," 14,994 "," 14,232 "," 29,227 "," 23,333 "," 22,531 "," 45,863 "
Wassit,واسط,Kut,الكوت,Shaekh Saad,شيخ سعد," 7,543 "," 7,506 "," 15,049 "," 11,863 "," 11,260 "," 23,122 "," 19,405 "," 18,766 "," 38,171 "
Wassit,واسط,Na'maniya,النعمانية,Markaz Al Noamaniya,مركز قضاء النعمانية," 32,799 "," 32,640 "," 65,440 "," 22,715 "," 21,560 "," 44,275 "," 55,514 "," 54,201 "," 109,715 "
Wassit,واسط,Na'maniya,النعمانية,Al Ahrar,الاحرار," 5,452 "," 5,426 "," 10,878 "," 21,901 "," 20,788 "," 42,689 "," 27,353 "," 26,214 "," 53,567 "
Wassit,واسط,Hai,الحي,Markaz Al Hai,امركز قضاء الحي," 39,506 "," 39,314 "," 78,820 "," 6,857 "," 6,509 "," 13,366 "," 46,362 "," 45,823 "," 92,185 "
Wassit,واسط,Hai,الحي,Al Mowafaqiya,الموفقية," 8,253 "," 8,213 "," 16,466 "," 17,288 "," 16,410 "," 33,697 "," 25,541 "," 24,622 "," 50,163 "
Wassit,واسط,Hai,الحي,Al Bashaer,البشائر," 1,442 "," 1,435 "," 2,877 "," 16,816 "," 15,962 "," 32,778 "," 18,258 "," 17,396 "," 35,654 "
Wassit,واسط,Badra,بدرة,Markaz Badra,مركز قضاء بدرة," 3,808 "," 3,790 "," 7,598 "," 3,855 "," 3,659 "," 7,514 "," 7,663 "," 7,449 "," 15,112 "
Wassit,واسط,Badra,بدرة,Jassan,جصان," 2,404 "," 2,392 "," 4,796 "," 3,571 "," 3,390 "," 6,961 "," 5,975 "," 5,782 "," 11,757 "
Wassit,واسط,Badra,بدرة,Al Thahab (Zurbatiah),الذهب (زرباطيه), 150 , 149 , 300 , 192 , 183 , 375 , 342 , 332 , 674 
Wassit,واسط,Suwaira,الصويرة,Markaz Al Suwaira,مركز قضاء الصويرة," 35,657 "," 35,485 "," 71,142 "," 35,992 "," 34,163 "," 70,155 "," 71,649 "," 69,648 "," 141,297 "
Wassit,واسط,Suwaira,الصويرة,Al Zubaidiya,الزبيدية," 9,183 "," 9,139 "," 18,322 "," 17,889 "," 16,980 "," 34,869 "," 27,072 "," 26,119 "," 53,191 "
Wassit,واسط,Suwaira,الصويرة,Al Shehamiya,الشحيمية," 1,972 "," 1,963 "," 3,935 "," 16,196 "," 15,373 "," 31,569 "," 18,168 "," 17,336 "," 35,504 "
Wassit,واسط,Azezia,العزيزية,Al Aziziya,مركز قضاء العزيزية," 25,824 "," 25,699 "," 51,522 "," 24,222 "," 22,991 "," 47,213 "," 50,046 "," 48,690 "," 98,735 "
Wassit,واسط,Azezia,العزيزية,Al Hafriya,تاج الدين (الحفرية)," 19,305 "," 19,212 "," 38,517 "," 19,460 "," 18,471 "," 37,931 "," 38,765 "," 37,683 "," 76,448 "
Wassit,واسط,Azezia,العزيزية,Al Daboni,الدبوني," 1,865 "," 1,856 "," 3,722 "," 9,838 "," 9,338 "," 19,176 "," 11,704 "," 11,195 "," 22,898 "
Salah al-Din,صلاح الدين,Tikrit,تكريت,Markaz Tikrit,مركز قضاء تكريت," 53,476 "," 49,385 "," 102,861 "," 38,780 "," 37,869 "," 76,649 "," 92,256 "," 87,254 "," 179,510 "
Salah al-Din,صلاح الدين,Tikrit,تكريت,Al Alam,العلم," 5,864 "," 5,415 "," 11,279 "," 23,009 "," 22,468 "," 45,478 "," 28,873 "," 27,884 "," 56,756 "
Salah al-Din,صلاح الدين,Tooz,طوز خورماتو,Markaz Tooz,مركز قضاء طوز خورماتو," 50,335 "," 46,485 "," 96,820 "," 9,364 "," 9,144 "," 18,508 "," 59,699 "," 55,628 "," 115,328 "
Salah al-Din,صلاح الدين,Tooz,طوز خورماتو,Al Amerli,آمرلي," 6,854 "," 6,330 "," 13,184 "," 15,533 "," 15,168 "," 30,701 "," 22,387 "," 21,498 "," 43,885 "
Salah al-Din,صلاح الدين,Tooz,طوز خورماتو,Suleiman Beg,سليمان بك," 6,826 "," 6,304 "," 13,130 "," 6,879 "," 6,717 "," 13,596 "," 13,705 "," 13,021 "," 26,726 "
Salah al-Din,صلاح الدين,Samarra,سامراء,Markaz Samera'a,مركز قضاء  سامراء," 71,048 "," 65,613 "," 136,661 "," 31,822 "," 31,074 "," 62,896 "," 102,870 "," 96,688 "," 199,558 "
Salah al-Din,صلاح الدين,Samarra,سامراء,Al Moatassem,المعتصم," 3,809 "," 3,518 "," 7,327 "," 5,071 "," 4,952 "," 10,023 "," 8,880 "," 8,469 "," 17,350 "
Salah al-Din,صلاح الدين,Samarra,سامراء,Samarra,دجلة, 866 , 799 ," 1,665 "," 7,990 "," 7,802 "," 15,792 "," 8,855 "," 8,601 "," 17,457 "
Salah al-Din,صلاح الدين,Balad,بلد,Markaz Balad,مركز قضاء بلد," 29,418 "," 27,167 "," 56,585 "," 10,927 "," 10,670 "," 21,597 "," 40,344 "," 37,837 "," 78,182 "
Salah al-Din,صلاح الدين,Balad,بلد,Al Duloeyah,الضلوعية," 8,829 "," 8,153 "," 16,982 "," 24,083 "," 23,517 "," 47,600 "," 32,911 "," 31,670 "," 64,582 "
Salah al-Din,صلاح الدين,Balad,بلد,Al Esshaqi,الإسحاقي," 2,111 "," 1,949 "," 4,060 "," 21,543 "," 21,037 "," 42,579 "," 23,653 "," 22,986 "," 46,639 "
Salah al-Din,صلاح الدين,Balad,بلد,Yathreb,يثرب," 1,120 "," 1,034 "," 2,154 "," 37,753 "," 36,866 "," 74,620 "," 38,873 "," 37,901 "," 76,774 "
Salah al-Din,صلاح الدين,Baiji,بيجي,Markaz Baiji,مركز قضاء بيجي," 40,693 "," 37,580 "," 78,273 "," 47,779 "," 46,657 "," 94,436 "," 88,472 "," 84,237 "," 172,709 "
Salah al-Din,صلاح الدين,Baiji,بيجي,Al Siniya,الصينية," 15,915 "," 14,697 "," 30,612 "," 3,200 "," 3,125 "," 6,325 "," 19,115 "," 17,822 "," 36,937 "
Salah al-Din,صلاح الدين,Daur,الدور,Markaz Al Daur,مركز قضاء الدور," 11,200 "," 10,343 "," 21,544 "," 23,114 "," 22,571 "," 45,684 "," 34,314 "," 32,914 "," 67,228 "
Salah al-Din,صلاح الدين,Shirqat,الشرقاط,Markaz Al Shirqat,مركز قضاء الشرقاط," 26,810 "," 24,759 "," 51,568 "," 77,985 "," 76,153 "," 154,137 "," 104,794 "," 100,911 "," 205,705 "
Salah al-Din,صلاح الدين,Al Dujeel,الدجيل,Markaz Al Dujeel,مركز قضاء الدجيل," 17,854 "," 16,488 "," 34,342 "," 35,156 "," 34,330 "," 69,486 "," 53,010 "," 50,818 "," 103,828 "
Najaf,النجف,Najaf,النجف,Markaz Al Najaf,مركز قضاء النجف," 356,742 "," 351,899 "," 708,641 "," 13,481 "," 12,697 "," 26,178 "," 370,224 "," 364,596 "," 734,819 "
Najaf,النجف,Najaf,النجف,Al Haydariya,الحيدرية," 8,767 "," 8,648 "," 17,415 "," 17,576 "," 16,553 "," 34,129 "," 26,343 "," 25,201 "," 51,544 "
Najaf,النجف,Najaf,النجف,Al Shabaka,الشبكة, 222 , 219 , 441 , -   , -   , -   , 222 , 219 , 441 
Najaf,النجف,Kufa,الكوفة,Markaz Al Kufa,مركز قضاء الكوفة," 81,781 "," 80,671 "," 162,452 "," 33,990 "," 32,011 "," 66,001 "," 115,771 "," 112,682 "," 228,452 "
Najaf,النجف,Kufa,الكوفة,Al Abasiah,العباسية," 6,809 "," 6,716 "," 13,525 "," 38,375 "," 36,141 "," 74,516 "," 45,184 "," 42,857 "," 88,041 "
Najaf,النجف,Kufa,الكوفة,Al Huriya,الحرية," 5,897 "," 5,817 "," 11,715 "," 9,238 "," 8,700 "," 17,937 "," 15,135 "," 14,517 "," 29,652 "
Najaf,النجف,Manathera,المناذرة,Markaz Al Manathera,مركز قضاء المناذرة," 15,144 "," 14,939 "," 30,083 "," 29,545 "," 27,825 "," 57,370 "," 44,689 "," 42,764 "," 87,453 "
Najaf,النجف,Manathera,المناذرة,Al Heera,الحيرة," 8,699 "," 8,581 "," 17,280 "," 10,528 "," 9,916 "," 20,444 "," 19,227 "," 18,496 "," 37,724 "
Najaf,النجف,Manathera,المناذرة,Al Mashkhab,المشخاب," 14,636 "," 14,437 "," 29,074 "," 30,143 "," 28,388 "," 58,531 "," 44,779 "," 42,826 "," 87,604 "
Najaf,النجف,Manathera,المناذرة,Al Qadisiah,القادسية," 3,034 "," 2,993 "," 6,026 "," 19,462 "," 18,330 "," 37,792 "," 22,496 "," 21,322 "," 43,818 "
Qadissiya,القادسية,Diwaniya,الديوانية,Markaz Al Diwaniya,امركز قضاء الديوانية," 209,068 "," 172,226 "," 381,294 "," 16,153 "," 16,302 "," 32,454 "," 225,220 "," 188,528 "," 413,748 "
Qadissiya,القادسية,Diwaniya,الديوانية,Al Saniya,السنية," 5,665 "," 4,667 "," 10,331 "," 16,810 "," 16,965 "," 33,776 "," 22,475 "," 21,632 "," 44,107 "
Qadissiya,القادسية,Diwaniya,الديوانية,Al Shafeia,الشافعية," 6,010 "," 4,951 "," 10,962 "," 18,777 "," 18,950 "," 37,727 "," 24,787 "," 23,902 "," 48,689 "
Qadissiya,القادسية,Diwaniya,الديوانية,Al Daghara,الدغارة," 10,630 "," 8,756 "," 19,386 "," 21,533 "," 21,732 "," 43,265 "," 32,163 "," 30,488 "," 62,651 "
Qadissiya,القادسية,Afaq,عفك,Markaz Afaq,مركز قضاء عفك," 18,399 "," 15,156 "," 33,555 "," 8,838 "," 8,920 "," 17,758 "," 27,237 "," 24,076 "," 51,313 "
Qadissiya,القادسية,Afaq,عفك,Nafr,نفر," 2,183 "," 1,798 "," 3,981 "," 9,861 "," 9,953 "," 19,814 "," 12,045 "," 11,751 "," 23,795 "
Qadissiya,القادسية,Afaq,عفك,Al Bdair,البدير," 10,280 "," 8,468 "," 18,748 "," 19,019 "," 19,195 "," 38,213 "," 29,298 "," 27,663 "," 56,961 "
Qadissiya,القادسية,Afaq,عفك,Sumer,سومر," 5,830 "," 4,803 "," 10,633 "," 13,912 "," 14,040 "," 27,952 "," 19,742 "," 18,843 "," 38,585 "
Qadissiya,القادسية,Shamiya,الشامية,Markaz Al Shamiah,مركز قضاء  الشامية," 30,033 "," 24,741 "," 54,774 "," 18,453 "," 18,623 "," 37,076 "," 48,486 "," 43,364 "," 91,850 "
Qadissiya,القادسية,Shamiya,الشامية,Ghammas,غماس," 17,961 "," 14,796 "," 32,756 "," 29,768 "," 30,043 "," 59,811 "," 47,729 "," 44,839 "," 92,567 "
Qadissiya,القادسية,Shamiya,الشامية,Al Mihanawiya,المهناوية," 5,260 "," 4,333 "," 9,593 "," 16,573 "," 16,726 "," 33,300 "," 21,833 "," 21,059 "," 42,893 "
Qadissiya,القادسية,Shamiya,الشامية,Al Salahiah,الصلاحية," 1,898 "," 1,563 "," 3,461 "," 13,740 "," 13,867 "," 27,607 "," 15,638 "," 15,431 "," 31,069 "
Qadissiya,القادسية,Hamza,الحمزة,Markaz Al Hamza,مركز قضاء  الحمزة," 44,911 "," 36,997 "," 81,909 "," 22,089 "," 22,293 "," 44,383 "," 67,001 "," 59,291 "," 126,291 "
Qadissiya,القادسية,Hamza,الحمزة,Al Sadeer,السدير," 3,950 "," 3,254 "," 7,204 "," 16,761 "," 16,916 "," 33,677 "," 20,711 "," 20,170 "," 40,881 "
Qadissiya,القادسية,Hamza,الحمزة,Al Shinafiya,الشناقية," 10,855 "," 8,943 "," 19,798 "," 17,487 "," 17,649 "," 35,136 "," 28,343 "," 26,591 "," 54,934 "
Muthanna,المثنى,Samawa,السماوة,Markaz Al Samawa,مركز قضاء السماوة," 114,391 "," 91,262 "," 205,653 "," 37,608 "," 38,086 "," 75,694 "," 151,999 "," 129,348 "," 281,347 "
Muthanna,المثنى,Samawa,السماوة,Al Sowair,السوير, 780 , 622 ," 1,402 "," 22,265 "," 22,548 "," 44,813 "," 23,045 "," 23,170 "," 46,215 "
Muthanna,المثنى,Rumaitha,الرميتة,Markaz Al Rumaitha,مركز قضاء الرميثة," 44,398 "," 35,421 "," 79,818 "," 17,518 "," 17,740 "," 35,258 "," 61,915 "," 53,161 "," 115,077 "
Muthanna,المثنى,Rumaitha,الرميتة,Al Majd ,المجد," 1,697 "," 1,354 "," 3,051 "," 19,503 "," 19,751 "," 39,255 "," 21,201 "," 21,105 "," 42,306 "
Muthanna,المثنى,Rumaitha,الرميتة,Al Warka,الوركاء," 1,960 "," 1,563 "," 3,523 "," 45,894 "," 46,477 "," 92,371 "," 47,854 "," 48,040 "," 95,894 "
Muthanna,المثنى,Rumaitha,الرميتة,Al Najmi,النجمي, 471 , 376 , 847 ," 16,659 "," 16,870 "," 33,529 "," 17,130 "," 17,246 "," 34,376 "
Muthanna,المثنى,Rumaitha,الرميتة,Al Hilal,الهلال," 1,657 "," 1,322 "," 2,979 "," 17,780 "," 18,006 "," 35,786 "," 19,437 "," 19,328 "," 38,765 "
Muthanna,المثنى,Salman,السلمان,Markaz Al Salman,مركز قضاء السلمان," 1,683 "," 1,342 "," 3,025 "," 3,180 "," 3,220 "," 6,400 "," 4,862 "," 4,562 "," 9,425 "
Muthanna,المثنى,Salman,السلمان,Al Basia,البصية, 566 , 451 ," 1,017 ", 27 , 27 , 54 , 593 , 479 ," 1,072 "
Muthanna,المثنى,Khidhir,الخضر,Markaz Al Khidhir,مركز قضاء الخضر," 22,092 "," 17,625 "," 39,717 "," 23,695 "," 23,996 "," 47,691 "," 45,787 "," 41,621 "," 87,408 "
Muthanna,المثنى,Khidhir,الخضر,Al Draji,الدراجي," 1,093 ", 872 ," 1,965 "," 8,261 "," 8,366 "," 16,627 "," 9,354 "," 9,238 "," 18,592 "
Thi-Qar,ذي قار,Nassriya,الناصرية,Al Nasiriya,مركز قضاء الناصرية," 277,046 "," 246,191 "," 523,236 ", -   , -   , -   ," 277,046 "," 246,191 "," 523,236 "
Thi-Qar,ذي قار,Nassriya,الناصرية,Al Islah,الاصلاح," 7,926 "," 7,043 "," 14,970 "," 14,577 "," 14,401 "," 28,978 "," 22,503 "," 21,445 "," 43,947 "
Thi-Qar,ذي قار,Nassriya,الناصرية,Al Battha'a,البطحاء," 12,812 "," 11,385 "," 24,197 "," 11,081 "," 10,947 "," 22,028 "," 23,893 "," 22,332 "," 46,225 "
Thi-Qar,ذي قار,Nassriya,الناصرية,Said Dekhil,سيد دخيل," 7,599 "," 6,753 "," 14,352 "," 21,848 "," 21,585 "," 43,433 "," 29,447 "," 28,338 "," 57,785 "
Thi-Qar,ذي قار,Nassriya,الناصرية,Owr,أور," 2,481 "," 2,205 "," 4,686 "," 28,985 "," 28,636 "," 57,621 "," 31,466 "," 30,841 "," 62,307 "
Thi-Qar,ذي قار,Rifa'i,الرفاعي,Markaz Al Rifaai,مركزقضاء الرفاعي," 37,014 "," 32,891 "," 69,905 "," 42,072 "," 41,565 "," 83,637 "," 79,086 "," 74,457 "," 153,542 "
Thi-Qar,ذي قار,Rifa'i,الرفاعي,Qalat Siker,قلعة سكر," 26,476 "," 23,527 "," 50,003 "," 24,613 "," 24,316 "," 48,929 "," 51,089 "," 47,844 "," 98,932 "
Thi-Qar,ذي قار,Rifa'i,الرفاعي,Al Nasr,النصر," 25,349 "," 22,526 "," 47,876 "," 25,288 "," 24,983 "," 50,271 "," 50,637 "," 47,509 "," 98,146 "
Thi-Qar,ذي قار,Rifa'i,الرفاعي,Al Fajer,الفجر," 14,251 "," 12,664 "," 26,915 "," 16,526 "," 16,327 "," 32,854 "," 30,778 "," 28,991 "," 59,769 "
Thi-Qar,ذي قار,Suq Al-Shoyokh,سوق الشيوخ,Markaz Suq Al-Shoyokh,مركز قضاء سوق الشيوخ," 65,275 "," 58,005 "," 123,280 ", -   , -   , -   ," 65,275 "," 58,005 "," 123,280 "
Thi-Qar,ذي قار,Suq Al-Shoyokh,سوق الشيوخ,Akaika,عكيكة," 2,278 "," 2,024 "," 4,302 "," 21,456 "," 21,197 "," 42,653 "," 23,734 "," 23,222 "," 46,955 "
Thi-Qar,ذي قار,Suq Al-Shoyokh,سوق الشيوخ,Garmat Beni Said,كرمة بني سعيد," 8,360 "," 7,429 "," 15,788 "," 21,550 "," 21,291 "," 42,841 "," 29,910 "," 28,719 "," 58,629 "
Thi-Qar,ذي قار,Suq Al-Shoyokh,سوق الشيوخ,Al Fadhliya,الفضلية," 8,244 "," 7,326 "," 15,570 "," 19,284 "," 19,052 "," 38,336 "," 27,528 "," 26,378 "," 53,906 "
Thi-Qar,ذي قار,Suq Al-Shoyokh,سوق الشيوخ,Al Ttar,الطار," 2,195 "," 1,951 "," 4,146 "," 7,844 "," 7,749 "," 15,593 "," 10,039 "," 9,700 "," 19,739 "
Thi-Qar,ذي قار,Chibayish,الجبايش,Markaz Chibayish,مركز قضاء الجبايش," 18,491 "," 16,431 "," 34,922 "," 3,839 "," 3,793 "," 7,632 "," 22,330 "," 20,224 "," 42,554 "
Thi-Qar,ذي قار,Chibayish,الجبايش,Al Hammer,الحمار," 4,052 "," 3,601 "," 7,654 ", 846 , 836 ," 1,682 "," 4,898 "," 4,437 "," 9,335 "
Thi-Qar,ذي قار,Chibayish,الجبايش,Al Fhood,الفهود," 14,060 "," 12,494 "," 26,553 "," 9,311 "," 9,198 "," 18,509 "," 23,370 "," 21,692 "," 45,062 "
Thi-Qar,ذي قار,Shatra,الشطرة,Markaz Al Shatra,مركز قضاء الشطرة," 90,377 "," 80,312 "," 170,689 "," 32,347 "," 31,958 "," 64,305 "," 122,725 "," 112,269 "," 234,994 "
Thi-Qar,ذي قار,Shatra,الشطرة,Al Dawaya,الدواية," 18,788 "," 16,696 "," 35,484 "," 24,606 "," 24,310 "," 48,916 "," 43,394 "," 41,005 "," 84,400 "
Thi-Qar,ذي قار,Shatra,الشطرة,Al Gharraf,الغراف," 24,089 "," 21,406 "," 45,494 "," 35,877 "," 35,445 "," 71,322 "," 59,966 "," 56,851 "," 116,816 "
Missan,ميسان,Amara,العمارة,Markaz Amara,مركز قضاء العمارة," 246,575 "," 245,825 "," 492,400 "," 16,500 "," 17,326 "," 33,826 "," 263,075 "," 263,151 "," 526,226 "
Missan,ميسان,Amara,العمارة,Kumait,كميت," 5,097 "," 5,082 "," 10,179 "," 12,426 "," 13,048 "," 25,474 "," 17,523 "," 18,130 "," 35,653 "
Missan,ميسان,Ali Al-Gharbi,علي الغربي,Markaz Ali Al Gharbi,مركز قضاء علي الغربي," 8,215 "," 8,190 "," 16,406 "," 6,818 "," 7,159 "," 13,977 "," 15,033 "," 15,349 "," 30,383 "
Missan,ميسان,Ali Al-Gharbi,علي الغربي,Ali Al Sharki,علي الشرقي," 5,513 "," 5,496 "," 11,009 "," 4,483 "," 4,708 "," 9,191 "," 9,996 "," 10,204 "," 20,199 "
Missan,ميسان,Maimouna,الميمونة,Markaz Al Maimouna,مركز قضاء  الميمونة," 9,299 "," 9,271 "," 18,570 "," 15,331 "," 16,098 "," 31,429 "," 24,630 "," 25,370 "," 50,000 "
Missan,ميسان,Maimouna,الميمونة,Al Salam,الميمونة / السلام," 9,054 "," 9,026 "," 18,080 "," 8,701 "," 9,137 "," 17,837 "," 17,755 "," 18,163 "," 35,917 "
Missan,ميسان,Maimouna,الميمونة,Alsaid Ahmad Al Rifai,السيد أحمد الرفاعي, 735 , 733 ," 1,469 "," 5,950 "," 6,248 "," 12,197 "," 6,685 "," 6,981 "," 13,666 "
Missan,ميسان,Qal'at Saleh,قلعة صالح,Markaz Qalat Saleh,مركز قضاء قلعة صالح," 17,814 "," 17,760 "," 35,575 "," 11,274 "," 11,838 "," 23,112 "," 29,088 "," 29,598 "," 58,686 "
Missan,ميسان,Qal'at Saleh,قلعة صالح,Al Azir,العزير," 8,557 "," 8,531 "," 17,088 "," 13,276 "," 13,941 "," 27,217 "," 21,833 "," 22,472 "," 44,305 "
Missan,ميسان,Mejar Al-Kabi,المجر الكبير,Markaz Mejar Al-Kabi,مركز قضاء المجر الكبير," 43,912 "," 43,778 "," 87,691 "," 9,195 "," 9,656 "," 18,851 "," 53,107 "," 53,434 "," 106,541 "
Missan,ميسان,Mejar Al-Kabi,المجر الكبير,Al Adel,العدل," 7,924 "," 7,900 "," 15,825 "," 2,266 "," 2,379 "," 4,645 "," 10,190 "," 10,279 "," 20,470 "
Missan,ميسان,Mejar Al-Kabi,المجر الكبير,Al Khair,الخير," 4,189 "," 4,176 "," 8,365 "," 7,291 "," 7,656 "," 14,947 "," 11,480 "," 11,832 "," 23,312 "
Missan,ميسان,Kahla,الكحلاء,Markaz Kahla,مركز قضاء الكحلاء," 10,467 "," 10,435 "," 20,902 "," 7,860 "," 8,253 "," 16,113 "," 18,327 "," 18,688 "," 37,015 "
Missan,ميسان,Kahla,الكحلاء,Al Msharah,المشرح," 6,044 "," 6,026 "," 12,070 "," 8,489 "," 8,914 "," 17,404 "," 14,533 "," 14,940 "," 29,473 "
Missan,ميسان,Kahla,الكحلاء,Bani Hashim,بني هاشم, 791 , 788 ," 1,579 "," 8,368 "," 8,787 "," 17,154 "," 9,158 "," 9,575 "," 18,733 "
Basrah,البصرة,Basrah,البصرة,Markaz Al Basrah,مركز قضاء البصرة," 569,645 "," 574,011 "," 1,143,656 "," 25,373 "," 24,043 "," 49,415 "," 595,018 "," 598,053 "," 1,193,071 "
Basrah,البصرة,Basrah,البصرة,Al Hartha,الهارثة," 54,733 "," 55,152 "," 109,885 "," 22,732 "," 21,540 "," 44,272 "," 77,465 "," 76,692 "," 154,157 "
Basrah,البصرة,Abu Al-Khaseeb,أبي الخصيب,Markaz Abu al Khaseeb,مركز قضاء أبي الخصيب," 96,149 "," 96,886 "," 193,036 "," 8,670 "," 8,215 "," 16,885 "," 104,819 "," 105,102 "," 209,921 "
Basrah,البصرة,Zubair,الزبير,Markaz Al Zubair,مركز قضاء الزبير," 140,050 "," 141,123 "," 281,173 "," 46,911 "," 44,452 "," 91,362 "," 186,961 "," 185,575 "," 372,535 "
Basrah,البصرة,Zubair,الزبير,Safwan,سفوان," 12,009 "," 12,101 "," 24,109 "," 15,790 "," 14,962 "," 30,753 "," 27,799 "," 27,063 "," 54,862 "
Basrah,البصرة,Zubair,الزبير,Um Qasr,أم قصر," 23,183 "," 23,360 "," 46,543 "," 5,303 "," 5,025 "," 10,328 "," 28,486 "," 28,385 "," 56,871 "
Basrah,البصرة,Qurna,القرنة,Markaz Al Qurna,مركز قضاء القرنة," 58,876 "," 59,328 "," 118,204 "," 7,869 "," 7,457 "," 15,326 "," 66,746 "," 66,784 "," 133,530 "
Basrah,البصرة,Qurna,القرنة,Al Dair,الدير," 14,527 "," 14,638 "," 29,165 "," 37,762 "," 35,783 "," 73,545 "," 52,289 "," 50,421 "," 102,710 "
Basrah,البصرة,Qurna,القرنة,Al Thagar,الثغر," 1,573 "," 1,585 "," 3,158 "," 17,414 "," 16,501 "," 33,914 "," 18,986 "," 18,086 "," 37,072 "
Basrah,البصرة,Fao,الفاو,Markaz Al Faw,مركز قضاء الفاو," 16,688 "," 16,816 "," 33,504 "," 3,234 "," 3,065 "," 6,299 "," 19,922 "," 19,880 "," 39,803 "
Basrah,البصرة,Shatt Al-Arab,شط العرب,Markaz Shat Al Arab,مركز قضاء شط العرب," 61,931 "," 62,406 "," 124,337 "," 4,218 "," 3,997 "," 8,214 "," 66,149 "," 66,402 "," 132,551 "
Basrah,البصرة,Shatt Al-Arab,شط العرب,Al Nashwa,النشوة," 1,464 "," 1,475 "," 2,939 "," 15,056 "," 14,267 "," 29,323 "," 16,520 "," 15,742 "," 32,262 "
Basrah,البصرة,Midaina,المدينة,Markaz Al Midaina,مركز قضاء المدينة," 14,616 "," 14,728 "," 29,344 "," 23,740 "," 22,496 "," 46,236 "," 38,356 "," 37,224 "," 75,580 "
Basrah,البصرة,Midaina,المدينة,Aiz Aldeen Saleem,عز الدين سليم," 13,271 "," 13,373 "," 26,643 "," 20,061 "," 19,009 "," 39,070 "," 33,332 "," 32,382 "," 65,714 "
Basrah,البصرة,Midaina,المدينة,Talha,طلحة (الصادق)," 21,247 "," 21,410 "," 42,657 "," 21,290 "," 20,174 "," 41,463 "," 42,537 "," 41,583 "," 84,120 "
Erbil,إربيل,Erbil,أربيل,Markaz Erbil Centre,مركز قضاء أربيل," 357,306 "," 418,513 "," 775,819 ", -   , -   , -   ," 357,306 "," 418,513 "," 775,819 "
Erbil,إربيل,Erbil,أربيل,Baharka,بحركة," 14,809 "," 17,346 "," 32,154 "," 14,292 "," 4,578 "," 18,870 "," 29,101 "," 21,923 "," 51,024 "
Erbil,إربيل,Erbil,أربيل,Ankawa,عنكاوة," 11,569 "," 13,551 "," 25,121 ", -   , -   , -   ," 11,569 "," 13,551 "," 25,121 "
Erbil,إربيل,Erbil,أربيل,Shamamak,شمامك, 939 ," 1,100 "," 2,040 "," 38,517 "," 12,337 "," 50,855 "," 39,457 "," 13,437 "," 52,894 "
Erbil,إربيل,Banslawah,دةشتى هةوليَر/ بنصلاوة,Markaz Banslawah,مركز قضاء دةشتى هةوليَر/ بنصلاوة," 25,409 "," 29,761 "," 55,170 ", 294 , 94 , 389 ," 25,703 "," 29,855 "," 55,558 "
Erbil,إربيل,Banslawah,دةشتى هةوليَر/ بنصلاوة,,دارةتوو," 23,437 "," 27,452 "," 50,889 "," 4,998 "," 1,601 "," 6,599 "," 28,436 "," 29,053 "," 57,489 "
Erbil,إربيل,Banslawah,دةشتى هةوليَر/ بنصلاوة,,قوشتةبة," 7,349 "," 8,608 "," 15,957 "," 10,006 "," 3,205 "," 13,211 "," 17,355 "," 11,813 "," 29,168 "
Erbil,إربيل,Banslawah,دةشتى هةوليَر/ بنصلاوة,,كةسنةزان," 28,771 "," 33,699 "," 62,470 "," 4,982 "," 1,596 "," 6,578 "," 33,753 "," 35,295 "," 69,048 "
Erbil,إربيل,Soran,سؤران,Markaz Soran,مركز قضاء سؤران," 28,011 "," 32,809 "," 60,820 ", -   , -   , -   ," 28,011 "," 32,809 "," 60,820 "
Erbil,إربيل,Soran,سؤران,Khailfan,خليفان," 9,599 "," 11,243 "," 20,841 "," 11,919 "," 3,818 "," 15,737 "," 21,518 "," 15,060 "," 36,578 "
Erbil,إربيل,Soran,سؤران,Diana,ديانا," 25,156 "," 29,465 "," 54,621 "," 7,036 "," 2,254 "," 9,290 "," 32,192 "," 31,719 "," 63,911 "
Erbil,إربيل,Soran,سؤران,Sidakhan,سيدةكان," 1,696 "," 1,986 "," 3,682 "," 9,215 "," 2,952 "," 12,167 "," 10,911 "," 4,938 "," 15,849 "
Erbil,إربيل,Shaqlawa,شقلاوة,Markaz Shaqlawa,مركز قضاء شقلاوة," 11,114 "," 13,018 "," 24,132 ", -   , -   , -   ," 11,114 "," 13,018 "," 24,132 "
Erbil,إربيل,Shaqlawa,شقلاوة,Salah Al Din,صلاح الدين," 16,704 "," 19,565 "," 36,268 "," 9,425 "," 3,019 "," 12,443 "," 26,128 "," 22,584 "," 48,712 "
Erbil,إربيل,Shaqlawa,شقلاوة,Harir,هرير," 13,134 "," 15,384 "," 28,518 "," 7,539 "," 2,415 "," 9,954 "," 20,673 "," 17,799 "," 38,472 "
Erbil,إربيل,Shaqlawa,شقلاوة,Hiran,هيران, 894 ," 1,047 "," 1,941 "," 2,606 ", 835 ," 3,441 "," 3,500 "," 1,882 "," 5,382 "
Erbil,إربيل,Shaqlawa,شقلاوة,Basrma,باسرمة," 3,263 "," 3,822 "," 7,085 "," 10,117 "," 3,240 "," 13,358 "," 13,380 "," 7,063 "," 20,443 "
Erbil,إربيل,Shaqlawa,شقلاوة,Balisan,باليسان, 611 , 716 ," 1,328 "," 2,750 ", 881 ," 3,631 "," 3,362 "," 1,597 "," 4,959 "
Erbil,إربيل,Choman,جومان,Markaz Choman,مركز قضاء جومان," 4,707 "," 5,513 "," 10,220 "," 1,049 ", 336 ," 1,385 "," 5,756 "," 5,849 "," 11,605 "
Erbil,إربيل,Choman,جومان,Haji Omaran,حاجى ئؤمةران, 743 , 870 ," 1,614 "," 1,657 ", 531 ," 2,188 "," 2,401 "," 1,401 "," 3,802 "
Erbil,إربيل,Choman,جومان,Similan,سميَلان, 376 , 441 , 817 ," 3,693 "," 1,183 "," 4,877 "," 4,070 "," 1,624 "," 5,693 "
Erbil,إربيل,Choman,جومان,Kalala,كةلاَلة, 272 , 319 , 591 ," 1,018 ", 326 ," 1,344 "," 1,290 ", 645 ," 1,936 "
Erbil,إربيل,Choman,جومان,Kasri,قةسريَ," 1,527 "," 1,789 "," 3,316 "," 2,416 ", 774 ," 3,190 "," 3,943 "," 2,563 "," 6,506 "
Erbil,إربيل,Koisnjaq,كؤيسنجق,Markaz Koisnjaq,مركز قضاء كؤيسنجق," 27,081 "," 31,720 "," 58,800 "," 5,190 "," 1,662 "," 6,853 "," 32,271 "," 33,382 "," 65,653 "
Erbil,إربيل,Koisnjaq,كؤيسنجق,Taq Taq,تةق تةق," 8,932 "," 10,462 "," 19,394 "," 3,196 "," 1,024 "," 4,220 "," 12,128 "," 11,486 "," 23,614 "
Erbil,إربيل,Koisnjaq,كؤيسنجق,Shorsh,شؤرِش, 198 , 232 , 431 ," 4,352 "," 1,394 "," 5,746 "," 4,551 "," 1,626 "," 6,177 "
Erbil,إربيل,Koisnjaq,كؤيسنجق,,ئاشتى, 433 , 507 , 941 ," 2,972 ", 952 ," 3,925 "," 3,406 "," 1,459 "," 4,865 "
Erbil,إربيل,Koisnjaq,كؤيسنجق,,سكتان, 496 , 581 ," 1,076 "," 1,184 ", 379 ," 1,563 "," 1,679 ", 960 ," 2,639 "
Erbil,إربيل,Koisnjaq,كؤيسنجق,,سيَكردكان, 602 , 706 ," 1,308 "," 1,664 ", 533 ," 2,197 "," 2,267 "," 1,239 "," 3,505 "
Erbil,إربيل,Mergasur,ميَركةسور,Markaz Mergasur,مركز قضاء ميَركةسور, 671 , 786 ," 1,457 ", -   , -   , -   , 671 , 786 ," 1,457 "
Erbil,إربيل,Mergasur,ميَركةسور,Barzan,بارزان," 3,497 "," 4,096 "," 7,593 "," 8,536 "," 2,734 "," 11,270 "," 12,033 "," 6,830 "," 18,863 "
Erbil,إربيل,Mergasur,ميَركةسور,Biran,بيران, 973 ," 1,140 "," 2,113 "," 4,087 "," 1,309 "," 5,396 "," 5,061 "," 2,449 "," 7,510 "
Erbil,إربيل,Mergasur,ميَركةسور,,شيَروان مةزن, 396 , 464 , 860 ," 2,638 ", 845 ," 3,484 "," 3,035 "," 1,309 "," 4,344 "
Erbil,إربيل,Mergasur,ميَركةسور,,مةزنىَ," 1,252 "," 1,467 "," 2,719 "," 2,872 ", 920 ," 3,791 "," 4,124 "," 2,386 "," 6,510 "
Erbil,إربيل,Mergasur,ميَركةسور,,كؤرةتوو," 1,151 "," 1,348 "," 2,499 "," 6,507 "," 2,084 "," 8,591 "," 7,658 "," 3,432 "," 11,090 "
Erbil,إربيل,Khabat,خبات,Markaz Khabat,مركز قضاء خبات," 15,074 "," 17,656 "," 32,730 "," 3,745 "," 1,199 "," 4,944 "," 18,819 "," 18,855 "," 37,674 "
Erbil,إربيل,Khabat,خبات,,دارةشةكران, 203 , 238 , 441 ," 7,570 "," 2,425 "," 9,994 "," 7,773 "," 2,662 "," 10,435 "
Erbil,إربيل,Khabat,خبات,,رِزكارى," 14,160 "," 16,585 "," 30,745 "," 6,966 "," 2,231 "," 9,198 "," 21,126 "," 18,817 "," 39,943 "
Erbil,إربيل,Khabat,خبات,,كةوةركؤسك," 4,669 "," 5,468 "," 10,137 "," 4,947 "," 1,585 "," 6,532 "," 9,616 "," 7,053 "," 16,669 "
Erbil,إربيل,Rawanduz,رِواندوز,Markaz Rawanduz,مركز قضاء راوندوز," 5,823 "," 6,820 "," 12,643 "," 4,687 "," 1,501 "," 6,188 "," 10,510 "," 8,322 "," 18,831 "
Erbil,إربيل,Rawanduz,رِواندوز,,وةرتيَ, 936 ," 1,096 "," 2,032 "," 2,410 ", 772 ," 3,183 "," 3,346 "," 1,868 "," 5,214 "
Dahuk,دهوك,Dahuk,دهوك,Markaz Dahuk,مركز قضاء دهوك," 192,118 "," 129,417 "," 321,534 ", -   , -   , -   ," 192,118 "," 129,417 "," 321,534 "
Dahuk,دهوك,Dahuk,دهوك,Zawita,زاويتة," 7,223 "," 4,866 "," 12,088 "," 4,309 "," 2,347 "," 6,656 "," 11,532 "," 7,212 "," 18,745 "
Dahuk,دهوك,Dahuk,دهوك,Mankishk,مانكيشك," 2,206 "," 1,486 "," 3,691 "," 6,064 "," 3,303 "," 9,367 "," 8,270 "," 4,788 "," 13,058 "
Dahuk,دهوك,Sumel,سميل,Markaz Sumel,مركز قضاء سميل," 40,330 "," 27,168 "," 67,498 "," 9,638 "," 5,249 "," 14,887 "," 49,969 "," 32,417 "," 82,386 "
Dahuk,دهوك,Sumel,سميل,Batil,باتيل," 1,245 ", 838 ," 2,083 "," 12,706 "," 6,920 "," 19,625 "," 13,950 "," 7,758 "," 21,708 "
Dahuk,دهوك,Zakho,زاخو,Markaz Zakho,مركز قضاء زاخو," 119,464 "," 80,475 "," 199,939 ", -   , -   , -   ," 119,464 "," 80,475 "," 199,939 "
Dahuk,دهوك,Zakho,زاخو,Al Kali,رزكاري, 865 , 583 ," 1,448 "," 11,853 "," 6,455 "," 18,308 "," 12,719 "," 7,038 "," 19,757 "
Dahuk,دهوك,Zakho,زاخو,Dirkar,دركار," 9,072 "," 6,111 "," 15,183 "," 1,199 ", 653 ," 1,853 "," 10,271 "," 6,764 "," 17,035 "
Dahuk,دهوك,Zakho,زاخو,Batifa,باتيفا," 10,268 "," 6,917 "," 17,186 "," 3,668 "," 1,997 "," 5,665 "," 13,936 "," 8,915 "," 22,850 "
Dahuk,دهوك,Amedi,ئاميَدي,Markaz Ali Al Amedi,مركز قضاء ئاميَدي," 3,994 "," 2,691 "," 6,685 "," 1,990 "," 1,084 "," 3,073 "," 5,984 "," 3,774 "," 9,758 "
Dahuk,دهوك,Amedi,ئاميَدي,Sarsink,سرسنك," 10,017 "," 6,748 "," 16,766 "," 4,399 "," 2,396 "," 6,795 "," 14,417 "," 9,144 "," 23,561 "
Dahuk,دهوك,Amedi,ئاميَدي,,كاني ماسىَ, 634 , 427 ," 1,062 "," 5,927 "," 3,228 "," 9,155 "," 6,561 "," 3,655 "," 10,216 "
Dahuk,دهوك,Amedi,ئاميَدي,,ديَرةلوك," 26,558 "," 17,890 "," 44,448 "," 4,577 "," 2,493 "," 7,070 "," 31,135 "," 20,383 "," 51,517 "
Dahuk,دهوك,Amedi,ئاميَدي,,ضةمانكىَ," 1,701 "," 1,146 "," 2,848 "," 1,654 ", 901 ," 2,554 "," 3,355 "," 2,047 "," 5,402 "
Dahuk,دهوك,Amedi,ئاميَدي,,بامه رنىَ," 1,169 ", 788 ," 1,957 "," 3,682 "," 2,005 "," 5,687 "," 4,851 "," 2,793 "," 7,644 "
Dahuk,دهوك,Sheikhan,الشيخان,Kusrok,قسروك," 31,792 "," 21,416 "," 53,207 "," 9,793 "," 5,333 "," 15,126 "," 41,585 "," 26,749 "," 68,334 "
Dahuk,دهوك,Sheikhan,الشيخان,,ئةتريش," 2,415 "," 1,627 "," 4,041 "," 6,022 "," 3,280 "," 9,301 "," 8,437 "," 4,906 "," 13,343 "
Dahuk,دهوك,Sheikhan,الشيخان,Baothra,باعذرى," 5,877 "," 3,959 "," 9,835 "," 3,345 "," 1,822 "," 5,167 "," 9,222 "," 5,780 "," 15,002 "
Dahuk,دهوك,,ئاكرى,,مركز قضاء ئاكرى," 38,378 "," 25,853 "," 64,231 "," 7,323 "," 3,988 "," 11,311 "," 45,701 "," 29,841 "," 75,541 "
Dahuk,دهوك,,ئاكرى,,دينارته," 3,139 "," 2,114 "," 5,253 "," 14,374 "," 7,828 "," 22,203 "," 17,513 "," 9,943 "," 27,456 "
Dahuk,دهوك,,ئاكرى,,بجيل," 2,016 "," 1,358 "," 3,373 "," 10,422 "," 5,676 "," 16,098 "," 12,437 "," 7,034 "," 19,471 "
Dahuk,دهوك,,ئاكرى,,كردسين," 2,217 "," 1,494 "," 3,711 "," 26,743 "," 14,565 "," 41,308 "," 28,960 "," 16,058 "," 45,019 "
Dahuk,دهوك,Bardarash,بردرش,Markaz Bardarash,مركز قضاء بردرش," 15,094 "," 10,168 "," 25,263 "," 3,281 "," 1,787 "," 5,068 "," 18,376 "," 11,955 "," 30,331 "
Dahuk,دهوك,Bardarash,بردرش,Darto,دارتو," 2,641 "," 1,779 "," 4,420 "," 17,975 "," 9,789 "," 27,764 "," 20,616 "," 11,568 "," 32,184 "
Dahuk,دهوك,Bardarash,بردرش,Rofia,روفيا," 1,336 ", 900 ," 2,236 "," 20,144 "," 10,970 "," 31,114 "," 21,480 "," 11,870 "," 33,350 "
Dahuk,دهوك,Bardarash,بردرش,Kalk,كلك," 7,680 "," 5,173 "," 12,853 "," 14,504 "," 7,899 "," 22,403 "," 22,183 "," 13,072 "," 35,255 "
Sulaymaniyah,السليمانية,Sulaymaniya,السليمانية,Markaz Sulaymaniya,مركز قضاء السليمانية," 328,163 "," 314,498 "," 642,661 ", -   , -   , -   ," 328,163 "," 314,498 "," 642,661 "
Sulaymaniyah,السليمانية,Sulaymaniya,السليمانية,Bakrago,بكرة جو," 34,657 "," 33,214 "," 67,871 "," 15,577 "," 15,724 "," 31,301 "," 50,234 "," 48,938 "," 99,172 "
Sulaymaniyah,السليمانية,Sulaymaniya,السليمانية,Bazyan,بازيان," 18,335 "," 17,571 "," 35,906 "," 2,978 "," 3,006 "," 5,984 "," 21,313 "," 20,577 "," 41,890 "
Sulaymaniyah,السليمانية,Sulaymaniya,السليمانية,Tanjro,تانجرو," 10,275 "," 9,847 "," 20,122 "," 13,578 "," 13,706 "," 27,285 "," 23,853 "," 23,554 "," 47,407 "
Sulaymaniyah,السليمانية,Qaradagh,قرة داغ,Markaz Qaradagh,مركز قضاء قرة داغ," 1,035 ", 992 ," 2,027 "," 2,952 "," 2,980 "," 5,931 "," 3,987 "," 3,971 "," 7,958 "
Sulaymaniyah,السليمانية,Qaradagh,قرة داغ,Sihsitan,سية سيتان, 282 , 270 , 552 , 772 , 779 ," 1,550 "," 1,054 "," 1,049 "," 2,103 "
Sulaymaniyah,السليمانية,Shahrazur,شارة زوور,Halabjataza,هلا بجة تازة," 21,510 "," 20,614 "," 42,124 ", -   , -   , -   ," 21,510 "," 20,614 "," 42,124 "
Sulaymaniyah,السليمانية,Shahrazur,شارة زوور,Warmawa,وارماوا," 8,147 "," 7,808 "," 15,955 "," 4,102 "," 4,141 "," 8,244 "," 12,250 "," 11,949 "," 24,199 "
Sulaymaniyah,السليمانية,Said Sadek,سيد صادق,Markaz Said Sadek,مركز قضاء سيد صادق," 29,900 "," 28,655 "," 58,555 "," 9,830 "," 9,923 "," 19,753 "," 39,730 "," 38,578 "," 78,308 "
Sulaymaniyah,السليمانية,Said Sadek,سيد صادق,Sirjok,سرجوك, 297 , 285 , 582 ," 1,650 "," 1,666 "," 3,315 "," 1,947 "," 1,950 "," 3,898 "
Sulaymaniyah,السليمانية,Halabja,هة لة بجة,Markaz Halabja,مركز قضاء هة لة بجة," 32,593 "," 31,236 "," 63,829 ", -   , -   , -   ," 32,593 "," 31,236 "," 63,829 "
Sulaymaniyah,السليمانية,Halabja,هة لة بجة,Sirwan,سيروان," 3,964 "," 3,799 "," 7,762 "," 1,946 "," 1,964 "," 3,911 "," 5,910 "," 5,763 "," 11,673 "
Sulaymaniyah,السليمانية,Halabja,هة لة بجة,Khurman,خورمال," 5,786 "," 5,545 "," 11,331 "," 4,464 "," 4,506 "," 8,970 "," 10,250 "," 10,051 "," 20,301 "
Sulaymaniyah,السليمانية,Halabja,هة لة بجة,Biyara,بيارا," 2,728 "," 2,614 "," 5,342 ", 835 , 843 ," 1,678 "," 3,563 "," 3,457 "," 7,020 "
Sulaymaniyah,السليمانية,Penjwin,بنجوين,Markaz Penjwin,مركز قضاء بنجوين," 11,573 "," 11,091 "," 22,664 "," 1,979 "," 1,998 "," 3,977 "," 13,552 "," 13,089 "," 26,642 "
Sulaymaniyah,السليمانية,Penjwin,بنجوين,Garmik,كرمك, 366 , 351 , 718 ," 4,874 "," 4,920 "," 9,794 "," 5,241 "," 5,271 "," 10,512 "
Sulaymaniyah,السليمانية,Penjwin,بنجوين,Talbariz,تالباريز, 247 , 237 , 483 ," 2,684 "," 2,710 "," 5,394 "," 2,931 "," 2,946 "," 5,878 "
Sulaymaniyah,السليمانية,Sharbazher,شاربازير,Gwarth,جوارتة," 2,724 "," 2,611 "," 5,335 "," 1,549 "," 1,563 "," 3,112 "," 4,273 "," 4,174 "," 8,447 "
Sulaymaniyah,السليمانية,Sharbazher,شاربازير,Siotel,سيوتيل, 87 , 83 , 170 ," 1,080 "," 1,090 "," 2,170 "," 1,167 "," 1,173 "," 2,340 "
Sulaymaniyah,السليمانية,Sharbazher,شاربازير,Saruchik,سيتك, 279 , 267 , 545 ," 1,607 "," 1,623 "," 3,230 "," 1,886 "," 1,889 "," 3,775 "
Sulaymaniyah,السليمانية,Sharbazher,شاربازير,Zahlan,زة لان, 74 , 71 , 145 , 720 , 726 ," 1,446 ", 793 , 797 ," 1,591 "
Sulaymaniyah,السليمانية,Sharbazher,شاربازير,Kabilon,كابيلون, 245 , 235 , 480 ," 1,548 "," 1,562 "," 3,110 "," 1,793 "," 1,797 "," 3,590 "
Sulaymaniyah,السليمانية,Mawat,ماوت,Markaz Mawat,مركز قضاء ماوت, 748 , 716 ," 1,464 "," 3,600 "," 3,634 "," 7,235 "," 4,348 "," 4,351 "," 8,699 "
Sulaymaniyah,السليمانية,Pshdar,بشدر,Galadiz,ناحية قة لادزا," 35,873 "," 34,379 "," 70,253 "," 1,765 "," 1,782 "," 3,547 "," 37,638 "," 36,161 "," 73,799 "
Sulaymaniyah,السليمانية,Pshdar,بشدر,Hero,هيرو, 320 , 306 , 626 , 597 , 603 ," 1,200 ", 917 , 909 ," 1,826 "
Sulaymaniyah,السليمانية,Pshdar,بشدر,Hilsho,هة لشو," 1,414 "," 1,355 "," 2,770 "," 2,705 "," 2,730 "," 5,435 "," 4,119 "," 4,086 "," 8,205 "
Sulaymaniyah,السليمانية,Pshdar,بشدر,Tharaw,ذاراو," 4,383 "," 4,200 "," 8,583 "," 2,680 "," 2,705 "," 5,385 "," 7,063 "," 6,906 "," 13,969 "
Sulaymaniyah,السليمانية,Pshdar,بشدر,Nawdasht,ناو دشت," 4,833 "," 4,632 "," 9,465 "," 6,467 "," 6,528 "," 12,995 "," 11,300 "," 11,160 "," 22,460 "
Sulaymaniyah,السليمانية,Pshdar,بشدر,Iswi,ئيسيوي, 347 , 333 , 680 , 918 , 927 ," 1,845 "," 1,265 "," 1,260 "," 2,525 "
Sulaymaniyah,السليمانية,Rania,رانية,Markaz Rania,مركز قضاء رانية," 44,627 "," 42,768 "," 87,395 "," 2,140 "," 2,161 "," 4,301 "," 46,767 "," 44,929 "," 91,696 "
Sulaymaniyah,السليمانية,Rania,رانية,Gwargorna,جوار قورنة," 21,978 "," 21,062 "," 43,040 "," 3,721 "," 3,756 "," 7,476 "," 25,698 "," 24,818 "," 50,516 "
Sulaymaniyah,السليمانية,Rania,رانية,Hajiawa,حاجي ئاوا," 26,057 "," 24,972 "," 51,028 "," 1,975 "," 1,994 "," 3,969 "," 28,032 "," 26,966 "," 54,998 "
Sulaymaniyah,السليمانية,Rania,رانية,Betwata,بيتو اتة," 7,005 "," 6,713 "," 13,718 "," 2,358 "," 2,380 "," 4,738 "," 9,363 "," 9,093 "," 18,456 "
Sulaymaniyah,السليمانية,Rania,رانية,Serkhbakan,سرةكة بكان," 1,367 "," 1,310 "," 2,677 "," 2,310 "," 2,332 "," 4,641 "," 3,676 "," 3,641 "," 7,318 "
Sulaymaniyah,السليمانية,Dokan,دوكان,,مركز قضاء دوكان," 4,921 "," 4,716 "," 9,636 "," 1,755 "," 1,771 "," 3,526 "," 6,675 "," 6,487 "," 13,162 "
Sulaymaniyah,السليمانية,Dokan,دوكان,Surdash,سورداش, 613 , 587 ," 1,200 "," 2,238 "," 2,259 "," 4,498 "," 2,851 "," 2,847 "," 5,698 "
Sulaymaniyah,السليمانية,Dokan,دوكان,Beramakron,بيرة مكرون," 13,493 "," 12,931 "," 26,425 "," 2,676 "," 2,701 "," 5,378 "," 16,169 "," 15,633 "," 31,802 "
Sulaymaniyah,السليمانية,Dokan,دوكان,Khalakan,خة لة كان," 1,433 "," 1,373 "," 2,806 "," 1,620 "," 1,635 "," 3,255 "," 3,053 "," 3,009 "," 6,062 "
Sulaymaniyah,السليمانية,Dokan,دوكان,Khidran,خدران, 602 , 577 ," 1,178 ", 840 , 848 ," 1,687 "," 1,441 "," 1,424 "," 2,865 "
Sulaymaniyah,السليمانية,Dokan,دوكان,Bankard,بنكرد, 596 , 571 ," 1,168 "," 3,377 "," 3,409 "," 6,786 "," 3,973 "," 3,980 "," 7,953 "
Sulaymaniyah,السليمانية,Darbandihkan,دربندخان,Markaz Darbandihkan,مركز قضاء دربندخان," 22,064 "," 21,145 "," 43,209 "," 1,661 "," 1,677 "," 3,338 "," 23,725 "," 22,822 "," 46,547 "
Sulaymaniyah,السليمانية,Darbandihkan,دربندخان,Bawkhosheen,باو خوشين, 298 , 286 , 584 , 255 , 257 , 512 , 553 , 543 ," 1,096 "
Sulaymaniyah,السليمانية,Kalar,كلار,Markaz Kalar,مركز قضاء كلار," 70,418 "," 67,486 "," 137,904 "," 2,118 "," 2,138 "," 4,256 "," 72,537 "," 69,624 "," 142,161 "
Sulaymaniyah,السليمانية,Kalar,كلار,Rizkari,رزكاري," 17,490 "," 16,761 "," 34,251 "," 1,181 "," 1,192 "," 2,372 "," 18,670 "," 17,953 "," 36,624 "
Sulaymaniyah,السليمانية,Kalar,كلار,Pebaz,بيباز," 2,906 "," 2,785 "," 5,691 "," 1,016 "," 1,026 "," 2,042 "," 3,922 "," 3,811 "," 7,733 "
Sulaymaniyah,السليمانية,Kalar,كلار,Sheikhteweel,شيخ تة ويل, 213 , 204 , 417 ," 1,069 "," 1,079 "," 2,149 "," 1,282 "," 1,283 "," 2,566 "
Sulaymaniyah,السليمانية,Kifri,كفري,Markaz Kifri,مركز قضاء كفري," 16,784 "," 16,085 "," 32,870 ", 277 , 280 , 557 ," 17,062 "," 16,365 "," 33,427 "
Sulaymaniyah,السليمانية,Kifri,كفري,,ئاوة سبي, 29 , 28 , 57 , 508 , 512 ," 1,020 ", 537 , 540 ," 1,077 "
Sulaymaniyah,السليمانية,Kifri,كفري,,سة رقة لا, 991 , 950 ," 1,942 "," 2,722 "," 2,748 "," 5,470 "," 3,714 "," 3,698 "," 7,412 "
Sulaymaniyah,السليمانية,Kifri,كفري,Nojol,نوجول, 158 , 152 , 310 , 892 , 900 ," 1,792 "," 1,050 "," 1,052 "," 2,102 "
Sulaymaniyah,السليمانية,Kifri,كفري,Koks,كوكس, 135 , 129 , 264 ," 3,643 "," 3,677 "," 7,321 "," 3,778 "," 3,807 "," 7,585 "
Sulaymaniyah,السليمانية,Chamchamal,جمجمال,Markaz Chamchamal,مركز قضاء جمجمال," 31,664 "," 30,345 "," 62,009 ", 960 , 969 ," 1,929 "," 32,624 "," 31,314 "," 63,938 "
Sulaymaniyah,السليمانية,Chamchamal,جمجمال,Shorsh,شورش," 25,038 "," 23,996 "," 49,034 ", 798 , 806 ," 1,604 "," 25,836 "," 24,801 "," 50,638 "
Sulaymaniyah,السليمانية,Chamchamal,جمجمال,Sangaw, سنكاو, 831 , 796 ," 1,627 "," 2,151 "," 2,172 "," 4,323 "," 2,982 "," 2,968 "," 5,950 "
Sulaymaniyah,السليمانية,Chamchamal,جمجمال,Teki,تة كية," 13,458 "," 12,898 "," 26,356 ", 743 , 750 ," 1,494 "," 14,202 "," 13,648 "," 27,850 "
Sulaymaniyah,السليمانية,Chamchamal,جمجمال,Aghjalar,ئاغجة لةر," 1,027 ", 984 ," 2,011 "," 3,462 "," 3,495 "," 6,957 "," 4,489 "," 4,479 "," 8,967 "
Sulaymaniyah,السليمانية,Chamchamal,جمجمال,Qadir Karam,قادر كرم, 356 , 341 , 697 , 749 , 757 ," 1,506 "," 1,105 "," 1,098 "," 2,203 "
Sulaymaniyah,السليمانية,Chamchamal,جمجمال,Tkiajbari,تكية جبارى, 210 , 202 , 412 , 251 , 253 , 504 , 461 , 455 , 916 
Sulaymaniyah,السليمانية,Khanaqin,خانقين,Midan,ميدان, 399 , 383 , 782 ," 2,824 "," 2,851 "," 5,676 "," 3,224 "," 3,234 "," 6,458 "
Sulaymaniyah,السليمانية,Khanaqin,خانقين,,بة مو, 186 , 178 , 364 , 323 , 326 , 648 , 509 , 504 ," 1,012 "
Sulaymaniyah,السليمانية,Khanaqin,خانقين,,قورة تو, 222 , 212 , 434 ," 2,862 "," 2,889 "," 5,750 "," 3,083 "," 3,101 "," 6,184 "

